epoch,step,train_loss
0,49,0.04202928766608238
0,99,0.030452938750386238
0,149,0.02935038134455681
